Actual,Predicted
5799.17,<built-in method flatten of numpy.ndarray object at 0x799774448e10>
3960.0,<built-in method flatten of numpy.ndarray object at 0x799774448e10>
3436.72,<built-in method flatten of numpy.ndarray object at 0x799774448e10>
8203.25,<built-in method flatten of numpy.ndarray object at 0x799774448e10>
7350.0,<built-in method flatten of numpy.ndarray object at 0x799774448e10>
3040.0,<built-in method flatten of numpy.ndarray object at 0x799774448e10>
4508.67,<built-in method flatten of numpy.ndarray object at 0x799774448e10>
9800.0,<built-in method flatten of numpy.ndarray object at 0x799774448e10>
9129.5,<built-in method flatten of numpy.ndarray object at 0x799774448e10>
3500.0,<built-in method flatten of numpy.ndarray object at 0x799774448e10>
4430.0,<built-in method flatten of numpy.ndarray object at 0x799774448e10>
3590.0,<built-in method flatten of numpy.ndarray object at 0x799774448e10>
5570.21,<built-in method flatten of numpy.ndarray object at 0x799774448e10>
3000.0,<built-in method flatten of numpy.ndarray object at 0x799774448e10>
7703.7,<built-in method flatten of numpy.ndarray object at 0x799774448e10>
